,0
0,-83.955
1,-83.921
2,-83.877
3,-83.927
4,-83.851
5,-83.784
6,-83.83
7,-83.867
8,-83.808
9,-83.94
10,-83.778
11,-83.789
12,-83.972
13,-83.917
14,-83.852
15,-83.908
16,-83.784
17,-83.83
18,-83.886
19,-83.799
20,-83.927
21,-83.817
22,-83.798
23,-83.903
24,-83.833
25,-83.778
26,-83.896
27,-83.852
28,-83.86
29,-83.889
30,-83.737
31,-83.779
32,-83.855
33,-83.83
34,-83.898
35,-83.738
36,-83.76
37,-83.871
38,-83.785
39,-83.816
40,-83.836
41,-83.781
42,-83.834
43,-83.884
44,-83.85
45,-83.925
46,-83.842
47,-83.825
48,-83.934
49,-83.713
50,-83.716
51,-83.975
52,-83.807
53,-83.858
54,-83.883
55,-83.766
56,-83.807
57,-83.814
58,-83.776
59,-83.837
60,-83.732
61,-83.718
62,-83.869
63,-83.774
64,-83.873
65,-83.855
66,-83.765
67,-83.836
68,-83.853
69,-83.79
70,-83.906
71,-83.713
72,-83.67
73,-83.887
74,-83.706
75,-83.671
76,-83.901
77,-83.732
78,-83.801
79,-83.847
80,-83.73
81,-83.829
82,-83.736
83,-83.727
84,-83.826
85,-83.748
86,-83.731
87,-83.863
88,-83.773
89,-83.723
90,-83.813
91,-83.672
92,-83.693
93,-83.737
94,-83.712
95,-83.796
96,-83.761
97,-83.742
98,-83.884
99,-83.733
100,-83.8
101,-83.761
102,-83.744
103,-83.763
104,-83.829
105,-83.728
106,-83.788
107,-83.794
108,-83.759
109,-83.867
110,-83.818
111,-83.813
112,-83.752
113,-83.731
114,-83.79
115,-83.847
116,-83.692
117,-83.789
118,-83.741
119,-83.691
120,-83.764
121,-83.72
122,-83.683
123,-83.761
124,-83.734
125,-83.698
126,-83.779
127,-83.731
128,-83.774
129,-83.75
130,-83.727
131,-83.785
132,-83.677
133,-83.674
134,-83.866
135,-83.703
136,-83.675
137,-83.83
138,-83.727
139,-83.788
140,-83.676
141,-83.662
142,-83.739
143,-83.668
144,-83.641
145,-83.786
146,-83.793
147,-83.741
148,-83.845
149,-83.729
150,-83.749
151,-83.841
152,-83.756
153,-83.735
154,-83.845
155,-83.794
156,-83.8
157,-83.749
158,-83.747
159,-83.813
160,-83.742
161,-83.786
162,-83.815
163,-83.756
164,-83.785
165,-83.789
166,-83.625
167,-83.657
168,-83.62
169,-83.592
170,-83.78
171,-83.73
172,-83.73
173,-83.857
174,-83.686
175,-83.728
176,-83.885
177,-83.673
178,-83.689
179,-83.773
180,-83.698
181,-83.771
182,-83.82
183,-83.655
184,-83.697
185,-83.679
186,-83.629
187,-83.758
188,-83.712
189,-83.715
190,-83.832
191,-83.613
192,-83.638
193,-83.823
194,-83.697
195,-83.757
196,-83.597
197,-83.593
198,-83.757
199,-83.673
200,-83.707
201,-83.774
202,-83.544
203,-83.561
204,-83.747
205,-83.645
206,-83.689
207,-83.667
208,-83.664
209,-83.719
210,-83.583
211,-83.582
212,-83.749
213,-83.667
214,-83.696
215,-83.729
216,-83.649
217,-83.705
218,-83.623
219,-83.587
220,-83.707
221,-83.773
222,-83.701
223,-83.746
224,-83.617
225,-83.621
226,-83.776
227,-83.668
228,-83.644
229,-83.754
230,-83.653
231,-83.74
232,-83.639
233,-83.628
234,-83.714
235,-83.524
236,-83.518
237,-83.718
238,-83.607
239,-83.582
240,-83.678
241,-83.618
242,-83.677
243,-83.664
244,-83.608
245,-83.741
246,-83.576
247,-83.586
248,-83.719
249,-83.579
250,-83.575
251,-83.782
252,-83.62
253,-83.618
254,-83.716
255,-83.517
256,-83.51
257,-83.662
258,-83.603
259,-83.642
260,-83.661
261,-83.642
262,-83.682
263,-83.583
264,-83.566
265,-83.622
266,-83.526
267,-83.651
268,-83.591
269,-83.515
270,-83.617
271,-83.669
272,-83.643
273,-83.686
274,-83.568
275,-83.589
276,-83.665
277,-83.547
278,-83.532
279,-83.574
280,-83.559
281,-83.621
282,-83.592
283,-83.564
284,-83.624
285,-83.578
286,-83.585
287,-83.674
288,-83.568
289,-83.578
290,-83.724
291,-83.549
292,-83.56
293,-83.599
294,-83.515
295,-83.583
296,-83.548
297,-83.475
298,-83.574
299,-83.515
300,-83.508
301,-83.747
302,-83.568
303,-83.54
304,-83.652
305,-83.507
306,-83.553
307,-83.552
308,-83.541
309,-83.661
310,-83.626
311,-83.579
312,-83.643
313,-83.5
314,-83.529
315,-83.685
316,-83.536
317,-83.562
318,-83.56
319,-83.494
320,-83.594
321,-83.585
322,-83.499
323,-83.638
324,-83.563
325,-83.549
326,-83.642
327,-83.495
328,-83.546
329,-83.562
330,-83.58
331,-83.684
332,-83.606
333,-83.527
334,-83.629
335,-83.561
336,-83.534
337,-83.61
338,-83.61
339,-83.592
340,-83.68
341,-83.573
342,-83.594
343,-83.688
344,-83.615
345,-83.661
346,-83.604
347,-83.585
348,-83.68
349,-83.628
350,-83.558
351,-83.666
352,-83.589
353,-83.531
354,-83.581
355,-83.537
356,-83.627
357,-83.562
358,-83.527
359,-83.659
360,-83.613
361,-83.588
362,-83.614
363,-83.597
364,-83.601
365,-83.583
366,-83.447
367,-83.495
368,-83.678
369,-83.557
370,-83.646
371,-83.6
372,-83.608
373,-83.683
374,-83.54
375,-83.571
376,-83.652
377,-83.511
378,-83.562
379,-83.733
380,-83.541
381,-83.573
382,-83.639
383,-83.65
384,-83.737
385,-83.62
386,-83.558
387,-83.795
388,-83.594
389,-83.593
390,-83.695
391,-83.461
392,-83.472
393,-83.593
394,-83.538
395,-83.621
396,-83.692
397,-83.653
398,-83.726
399,-83.576
400,-83.616
401,-83.643
402,-83.526
403,-83.537
404,-83.572
405,-83.509
406,-83.575
407,-83.724
408,-83.599
409,-83.652
410,-83.636
411,-83.555
412,-83.662
413,-83.745
414,-83.725
415,-83.669
416,-83.568
417,-83.617
418,-83.607
419,-83.473
420,-83.592
421,-83.654
422,-83.587
423,-83.664
424,-83.659
425,-83.636
426,-83.698
427,-83.542
428,-83.543
429,-83.701
430,-83.599
431,-83.656
432,-83.553
433,-83.52
434,-83.62
435,-83.575
436,-83.56
437,-83.678
438,-83.528
439,-83.518
440,-83.705
441,-83.544
442,-83.575
443,-83.635
444,-83.515
445,-83.534
446,-83.606
447,-83.563
448,-83.73
449,-83.614
450,-83.551
451,-83.721
452,-83.612
453,-83.645
454,-83.648
455,-83.594
456,-83.644
457,-83.642
458,-83.566
459,-83.74
460,-83.701
461,-83.62
462,-83.706
463,-83.592
464,-83.576
465,-83.744
466,-83.559
467,-83.586
468,-83.636
469,-83.576
470,-83.612
471,-83.665
472,-83.568
473,-83.633
474,-83.516
475,-83.563
476,-83.681
477,-83.535
478,-83.516
479,-83.664
480,-83.595
481,-83.64
482,-83.637
483,-83.579
484,-83.598
485,-83.596
486,-83.62
487,-83.709
488,-83.597
489,-83.538
490,-83.654
491,-83.541
492,-83.528
493,-83.717
494,-83.653
495,-83.665
496,-83.635
497,-83.578
498,-83.722
499,-83.547
500,-83.538
501,-83.66
502,-83.523
503,-83.566
504,-83.722
505,-83.614
506,-83.6
507,-83.667
508,-83.62
509,-83.667
510,-83.603
511,-83.563
512,-83.635
513,-83.575
514,-83.594
515,-83.651
516,-83.496
517,-83.565
518,-83.611
519,-83.608
520,-83.636
521,-83.637
522,-83.582
523,-83.652
524,-83.633
525,-83.594
526,-83.622
527,-83.563
528,-83.561
529,-83.718
530,-83.487
531,-83.497
532,-83.627
533,-83.577
534,-83.582
535,-83.631
536,-83.54
537,-83.586
538,-83.616
539,-83.573
540,-83.567
541,-83.489
542,-83.507
543,-83.487
544,-83.494
545,-83.624
546,-83.59
547,-83.429
548,-83.557
549,-83.512
550,-83.509
551,-83.597
552,-83.583
553,-83.55
554,-83.541
555,-83.384
556,-83.463
557,-83.528
558,-83.437
559,-83.516
560,-83.53
561,-83.454
562,-83.544
563,-83.432
564,-83.363
565,-83.54
566,-83.438
567,-83.404
568,-83.541
569,-83.387
570,-83.371
571,-83.561
572,-83.38
573,-83.469
574,-83.433
575,-83.357
576,-83.49
577,-83.452
578,-83.44
579,-83.494
580,-83.349
581,-83.413
582,-83.378
583,-83.341
584,-83.456
585,-83.309
586,-83.219
587,-83.361
588,-83.423
589,-83.39
590,-83.51
591,-83.354
592,-83.337
593,-83.404
594,-83.281
595,-83.389
596,-83.465
597,-83.319
598,-83.348
599,-83.424
600,-83.376
601,-83.468
602,-83.274
603,-83.271
604,-83.423
605,-83.286
606,-83.337
607,-83.526
608,-83.371
609,-83.389
610,-83.363
611,-83.343
612,-83.434
613,-83.315
614,-83.317
615,-83.484
616,-83.353
617,-83.337
618,-83.452
619,-83.339
620,-83.4
621,-83.39
622,-83.276
623,-83.298
624,-83.377
625,-83.359
626,-83.381
627,-83.249
628,-83.249
629,-83.362
630,-83.234
631,-83.22
632,-83.33
633,-83.247
634,-83.238
635,-83.248
636,-83.205
637,-83.393
638,-83.268
639,-83.217
640,-83.31
641,-83.121
642,-83.177
643,-83.35
644,-83.289
645,-83.375
646,-83.357
647,-83.219
648,-83.222
649,-83.261
650,-83.213
651,-83.323
652,-83.287
653,-83.3
654,-83.308
655,-83.114
656,-83.19
657,-83.292
658,-83.177
659,-83.232
660,-83.227
661,-83.195
662,-83.294
663,-83.206
664,-83.18
665,-83.263
666,-83.178
667,-83.164
668,-83.183
669,-83.087
670,-83.202
671,-83.139
672,-83.1
673,-83.212
674,-83.084
675,-83.051
676,-83.316
677,-83.219
678,-83.148
679,-83.191
680,-83.166
681,-83.15
682,-83.24
683,-83.137
684,-83.094
685,-83.198
686,-83.092
687,-83.166
688,-83.087
689,-83.064
690,-83.187
691,-83.113
692,-83.123
693,-83.181
694,-83.153
695,-83.219
696,-83.066
697,-83.038
698,-83.163
699,-83.16
700,-83.081
701,-83.073
702,-83.059
703,-83.045
704,-83.082
705,-82.989
706,-83.052
707,-83.133
708,-83.042
709,-83.083
710,-83.102
711,-83.028
712,-83.066
713,-83.04
714,-82.984
715,-83.088
716,-83.051
717,-83.076
718,-83.111
719,-83.001
720,-83.033
721,-83.086
722,-83.022
723,-83.094
724,-83.029
725,-82.983
726,-83.185
727,-83.009
728,-83.002
729,-83.116
730,-83.026
731,-83.021
732,-83.1
733,-82.979
734,-83.05
735,-83.09
736,-82.973
737,-82.996
738,-82.937
739,-82.921
740,-83.059
741,-82.915
742,-82.964
743,-83.114
744,-82.929
745,-82.885
746,-82.982
747,-82.906
748,-82.973
749,-82.884
750,-82.894
751,-83.039
752,-82.935
753,-82.92
754,-83.048
755,-82.992
756,-82.968
757,-82.941
758,-82.914
759,-83.017
760,-82.958
761,-82.919
762,-82.962
763,-82.887
764,-82.935
765,-83.087
766,-82.788
767,-82.763
768,-82.938
769,-82.845
770,-82.97
771,-82.923
772,-82.79
773,-82.917
774,-82.88
775,-82.869
776,-82.94
777,-82.934
778,-82.883
779,-82.954
780,-82.768
781,-82.858
782,-82.983
783,-82.863
784,-82.908
785,-82.904
786,-82.884
787,-82.974
788,-82.808
789,-82.767
790,-82.892
791,-82.834
792,-82.865
793,-82.913
794,-82.807
795,-82.818
796,-82.924
797,-82.936
798,-82.909
799,-82.85
800,-82.843
801,-82.967
802,-82.805
803,-82.737
804,-82.926
805,-82.814
806,-82.867
807,-82.876
808,-82.765
809,-82.813
810,-82.956
811,-82.804
812,-82.86
813,-82.785
814,-82.798
815,-82.951
816,-82.871
817,-82.83
818,-82.902
819,-82.817
820,-82.862
821,-82.876
822,-82.882
823,-82.93
824,-82.859
825,-82.764
826,-82.845
827,-82.787
828,-82.789
829,-82.845
830,-82.722
831,-82.764
832,-82.841
833,-82.811
834,-82.807
835,-82.849
836,-82.782
837,-82.91
838,-82.901
839,-82.849
840,-82.959
841,-82.795
842,-82.79
843,-82.987
844,-82.745
845,-82.733
846,-82.84
847,-82.76
848,-82.804
849,-82.741
850,-82.66
851,-82.758
852,-82.732
853,-82.734
854,-82.885
855,-82.754
856,-82.758
857,-82.847
858,-82.765
859,-82.795
860,-82.856
861,-82.676
862,-82.785
863,-82.774
864,-82.702
865,-82.822
866,-82.846
867,-82.803
868,-82.893
869,-82.773
870,-82.757
871,-82.846
872,-82.801
873,-82.811
874,-82.782
875,-82.731
876,-82.907
877,-82.817
878,-82.74
879,-82.86
880,-82.716
881,-82.714
882,-82.793
883,-82.724
884,-82.726
885,-82.866
886,-82.788
887,-82.822
888,-82.833
889,-82.745
890,-82.776
891,-82.699
892,-82.708
893,-82.88
894,-82.808
895,-82.792
896,-82.843
897,-82.747
898,-82.828
899,-82.832
900,-82.661
901,-82.704
902,-82.742
903,-82.735
904,-82.997
905,-82.886
906,-82.893
907,-82.94
908,-82.791
909,-82.84
910,-82.88
911,-82.759
912,-82.766
913,-82.911
914,-82.803
915,-82.925
916,-82.759
917,-82.746
918,-82.83
919,-82.804
920,-82.818
921,-82.861
922,-82.796
923,-82.924
924,-82.797
925,-82.675
926,-82.82
927,-82.861
928,-82.834
929,-82.91
930,-82.806
931,-82.789
932,-82.895
933,-82.769
934,-82.824
935,-82.827
936,-82.807
937,-82.935
938,-82.82
939,-82.79
940,-82.834
941,-82.798
942,-82.787
943,-82.968
944,-82.826
945,-82.824
946,-82.927
947,-82.797
948,-82.827
949,-82.853
950,-82.778
951,-82.88
952,-82.746
953,-82.707
954,-82.899
955,-82.849
956,-82.831
957,-82.893
958,-82.803
959,-82.851
960,-82.861
961,-82.802
962,-82.801
963,-82.833
964,-82.796
965,-82.921
966,-82.835
967,-82.838
968,-82.917
969,-82.722
970,-82.754
971,-82.985
972,-82.816
973,-82.814
974,-82.872
975,-82.761
976,-82.903
977,-82.832
978,-82.702
979,-82.766
980,-82.83
981,-82.843
982,-82.892
983,-82.743
984,-82.838
985,-82.754
986,-82.722
987,-82.889
988,-82.823
989,-82.771
990,-82.808
991,-82.726
992,-82.716
993,-82.837
994,-82.834
995,-82.822
996,-82.835
997,-82.66
998,-82.662
999,-82.801
1000,-82.805
1001,-82.854
1002,-82.828
1003,-82.789
1004,-82.806
1005,-82.729
1006,-82.725
1007,-82.783
1008,-82.697
1009,-82.681
1010,-82.798
1011,-82.71
1012,-82.732
1013,-82.768
1014,-82.754
1015,-82.854
1016,-82.715
1017,-82.701
1018,-82.888
1019,-82.619
1020,-82.618
1021,-82.821
1022,-82.718
1023,-82.684
1024,-82.718
1025,-82.647
1026,-82.664
1027,-82.717
1028,-82.57
1029,-82.744
1030,-82.658
1031,-82.631
1032,-82.793
1033,-82.762
1034,-82.734
1035,-82.585
1036,-82.592
1037,-82.707
1038,-82.667
1039,-82.592
1040,-82.752
1041,-82.624
1042,-82.628
1043,-82.655
1044,-82.386
1045,-82.393
1046,-82.736
1047,-82.579
1048,-82.602
1049,-82.641
1050,-82.535
1051,-82.659
1052,-82.621
1053,-82.546
1054,-82.571
1055,-82.577
1056,-82.559
1057,-82.599
1058,-82.472
1059,-82.508
1060,-82.647
1061,-82.506
1062,-82.568
1063,-82.498
1064,-82.472
1065,-82.612
1066,-82.463
1067,-82.438
1068,-82.618
1069,-82.415
1070,-82.414
1071,-82.592
1072,-82.434
1073,-82.455
1074,-82.566
1075,-82.506
1076,-82.57
1077,-82.54
1078,-82.485
1079,-82.579
1080,-82.478
1081,-82.477
1082,-82.507
1083,-82.405
1084,-82.441
1085,-82.508
1086,-82.444
1087,-82.446
1088,-82.357
1089,-82.345
1090,-82.429
1091,-82.291
1092,-82.303
1093,-82.479
1094,-82.453
1095,-82.353
1096,-82.488
1097,-82.375
1098,-82.318
1099,-82.405
1100,-82.335
1101,-82.37
1102,-82.356
1103,-82.248
1104,-82.374
1105,-82.326
1106,-82.329
1107,-82.429
1108,-82.303
1109,-82.335
1110,-82.436
1111,-82.359
1112,-82.391
1113,-82.244
1114,-82.205
1115,-82.302
1116,-82.323
1117,-82.298
1118,-82.377
1119,-82.305
1120,-82.33
1121,-82.238
1122,-82.169
1123,-82.24
1124,-82.323
1125,-82.306
1126,-82.304
1127,-82.248
1128,-82.218
1129,-82.289
1130,-82.233
1131,-82.229
1132,-82.36
1133,-82.219
1134,-82.246
1135,-82.388
1136,-82.325
1137,-82.322
1138,-82.3
1139,-82.213
1140,-82.268
1141,-82.274
1142,-82.184
1143,-82.264
1144,-82.161
1145,-82.153
1146,-82.306
1147,-82.242
1148,-82.237
1149,-82.307
1150,-82.18
1151,-82.207
1152,-82.297
1153,-82.146
1154,-82.245
1155,-82.263
1156,-82.246
1157,-82.352
1158,-82.213
1159,-82.179
1160,-82.341
1161,-82.193
1162,-82.174
1163,-82.259
1164,-82.153
1165,-82.2
1166,-82.133
1167,-82.135
1168,-82.259
1169,-82.09
1170,-82.146
1171,-82.17
1172,-82.162
1173,-82.166
1174,-82.248
1175,-82.166
1176,-82.239
1177,-82.107
1178,-82.023
1179,-82.141
1180,-82.072
1181,-82.083
1182,-82.214
1183,-82.179
1184,-82.191
1185,-82.178
1186,-82.103
1187,-82.096
1188,-82.141
1189,-82.114
1190,-82.112
1191,-82.1
1192,-82.073
1193,-82.191
1194,-82.09
1195,-82.107
1196,-82.041
1197,-81.937
1198,-82.016
1199,-82.11
1200,-82.018
1201,-82.078
1202,-82.145
1203,-82.105
1204,-82.175
1205,-82.038
1206,-82.002
1207,-82.149
1208,-82.128
1209,-82.157
1210,-82.131
1211,-82.01
1212,-81.993
1213,-82.043
1214,-82.019
1215,-82.116
1216,-82.044
1217,-82.008
1218,-82.096
1219,-81.971
1220,-81.923
1221,-82.003
1222,-81.97
1223,-81.987
1224,-81.921
1225,-81.863
1226,-81.999
1227,-82.091
1228,-82.08
1229,-82.07
1230,-81.931
1231,-81.929
1232,-82.117
1233,-81.906
1234,-81.9
1235,-82.011
1236,-81.941
1237,-81.987
1238,-81.979
1239,-81.945
1240,-81.959
1241,-82.024
1242,-81.969
1243,-82.026
1244,-81.907
1245,-81.915
1246,-81.991
1247,-81.902
1248,-81.955
1249,-81.864
1250,-81.671
1251,-81.794
1252,-81.951
1253,-81.887
1254,-81.925
1255,-81.911
1256,-81.908
1257,-81.982
1258,-81.829
1259,-81.805
1260,-82.003
1261,-81.866
1262,-81.935
1263,-81.888
1264,-81.834
1265,-81.841
1266,-81.791
1267,-81.757
1268,-81.897
1269,-81.853
1270,-81.841
1271,-81.927
1272,-81.782
1273,-81.849
1274,-81.835
1275,-81.732
1276,-81.827
1277,-81.853
1278,-81.791
1279,-81.832
1280,-81.709
1281,-81.681
1282,-81.859
1283,-81.837
1284,-81.793
1285,-81.816
1286,-81.609
1287,-81.632
1288,-81.779
1289,-81.692
1290,-81.735
1291,-81.751
1292,-81.637
1293,-81.659
1294,-81.713
1295,-81.754
1296,-81.764
1297,-81.735
1298,-81.733
1299,-81.796
1300,-81.695
1301,-81.699
1302,-81.652
1303,-81.626
1304,-81.644
1305,-81.658
1306,-81.56
1307,-81.648
1308,-81.608
1309,-81.631
1310,-81.622
1311,-81.515
1312,-81.543
1313,-81.569
1314,-81.494
1315,-81.546
1316,-81.589
1317,-81.5
1318,-81.671
1319,-81.604
1320,-81.567
1321,-81.634
1322,-81.522
1323,-81.545
1324,-81.569
1325,-81.457
1326,-81.463
1327,-81.595
1328,-81.563
1329,-81.557
1330,-81.467
1331,-81.456
1332,-81.508
1333,-81.44
1334,-82.285
1335,-82.123
1336,-82.137
1337,-82.24
1338,-82.203
1339,-82.205
1340,-82.253
1341,-82.192
1342,-82.226
1343,-82.233
1344,-82.127
1345,-82.277
1346,-82.146
1347,-82.16
1348,-82.235
1349,-82.133
1350,-82.145
1351,-82.175
1352,-82.154
1353,-82.186
1354,-82.212
1355,-82.134
1356,-82.174
1357,-82.126
1358,-82.126
1359,-82.255
1360,-82.187
1361,-82.203
1362,-82.237
1363,-82.141
1364,-82.147
1365,-82.186
1366,-82.097
1367,-82.11
1368,-82.224
1369,-82.129
1370,-82.146
1371,-82.061
1372,-82.057
1373,-82.141
1374,-82.072
1375,-82.067
1376,-82.08
1377,-82.003
1378,-82.036
1379,-82.146
1380,-82.04
1381,-82.049
1382,-81.997
1383,-81.93
1384,-82.052
1385,-82.001
1386,-81.984
1387,-82.12
1388,-81.95
1389,-82.045
1390,-82.112
1391,-81.988
1392,-81.963
1393,-82.061
1394,-81.972
1395,-81.992
1396,-81.997
1397,-81.953
1398,-82.037
1399,-81.963
1400,-81.937
1401,-82.099
1402,-81.971
1403,-81.926
1404,-82.018
1405,-81.975
1406,-82.044
1407,-81.984
1408,-81.924
1409,-82.054
1410,-81.944
1411,-81.939
1412,-82.086
1413,-82.04
1414,-82.003
1415,-82.088
1416,-81.957
1417,-81.967
1418,-81.945
1419,-81.935
1420,-82.0
1421,-81.989
1422,-81.976
1423,-82.037
1424,-81.94
1425,-81.941
1426,-82.055
1427,-81.937
1428,-81.949
1429,-81.984
1430,-81.948
1431,-82.022
1432,-82.031
1433,-81.988
1434,-82.019
1435,-81.988
1436,-81.983
1437,-81.992
1438,-81.928
1439,-81.909
1440,-81.987
1441,-81.856
1442,-81.917
1443,-81.965
1444,-81.872
1445,-81.911
1446,-81.99
1447,-81.973
1448,-82.041
1449,-81.954
1450,-81.925
1451,-81.999
1452,-81.927
1453,-81.937
1454,-82.039
1455,-81.855
1456,-81.836
1457,-82.031
1458,-81.95
1459,-82.038
1460,-81.944
1461,-81.933
1462,-81.984
1463,-81.878
1464,-81.866
1465,-82.032
1466,-81.851
1467,-81.827
1468,-81.868
1469,-81.865
1470,-81.992
1471,-81.917
1472,-81.884
1473,-81.986
1474,-81.961
1475,-81.973
1476,-81.952
1477,-81.951
1478,-81.948
1479,-81.964
1480,-81.904
1481,-81.936
1482,-81.935
1483,-81.921
1484,-82.095
1485,-82.01
1486,-81.922
1487,-81.972
1488,-81.936
1489,-81.928
1490,-81.969
1491,-81.873
1492,-81.925
1493,-81.96
1494,-81.873
1495,-81.959
1496,-81.898
1497,-81.861
1498,-81.947
1499,-81.812
1500,-81.855
1501,-81.996
1502,-81.883
1503,-81.918
1504,-81.887
1505,-81.849
1506,-81.932
1507,-81.922
1508,-81.833
1509,-81.884
1510,-81.915
1511,-81.906
1512,-81.989
1513,-81.926
1514,-81.998
1515,-81.944
1516,-81.822
1517,-81.887
1518,-81.987
1519,-81.847
1520,-81.869
1521,-81.887
1522,-81.832
1523,-81.969
1524,-81.819
1525,-81.818
1526,-81.945
1527,-81.823
1528,-81.831
1529,-81.965
1530,-81.888
1531,-81.918
1532,-81.873
1533,-81.778
1534,-81.806
1535,-81.816
1536,-81.801
1537,-81.923
1538,-81.795
1539,-81.799
1540,-81.953
1541,-81.798
1542,-81.859
1543,-81.916
1544,-81.802
1545,-81.82
1546,-81.83
1547,-81.831
1548,-81.908
1549,-81.81
1550,-81.769
1551,-81.866
1552,-81.692
1553,-81.726
1554,-82.032
1555,-81.858
1556,-81.866
1557,-81.852
1558,-81.795
1559,-81.913
1560,-81.804
1561,-81.785
1562,-81.918
1563,-81.834
1564,-81.839
1565,-81.933
1566,-81.763
1567,-81.793
1568,-81.911
1569,-81.75
1570,-81.763
1571,-81.653
1572,-81.623
1573,-81.772
1574,-81.719
1575,-81.798
1576,-81.9
1577,-81.662
1578,-81.656
1579,-81.874
1580,-81.788
1581,-81.857
1582,-81.716
1583,-81.675
1584,-81.82
1585,-81.789
1586,-81.765
1587,-81.801
1588,-81.681
1589,-81.687
1590,-81.757
1591,-81.691
1592,-81.699
1593,-81.735
1594,-81.623
1595,-81.67
1596,-81.681
1597,-81.67
1598,-81.683
1599,-81.605
1600,-81.591
1601,-81.68
1602,-81.702
1603,-81.765
1604,-81.66
1605,-81.573
1606,-81.643
1607,-81.684
1608,-81.641
1609,-81.607
1610,-81.537
1611,-81.503
1612,-81.621
1613,-81.684
1614,-81.627
1615,-81.649
1616,-81.609
1617,-81.652
1618,-81.718
1619,-81.541
1620,-81.558
1621,-81.585
1622,-81.485
1623,-81.585
1624,-81.583
1625,-81.536
1626,-81.618
1627,-81.529
1628,-81.585
1629,-81.665
1630,-81.536
1631,-81.494
1632,-81.558
1633,-81.495
1634,-81.576
1635,-81.582
1636,-81.486
1637,-81.526
1638,-81.58
1639,-81.55
1640,-81.547
1641,-81.478
1642,-81.543
1643,-81.571
1644,-81.496
1645,-81.6
1646,-81.52
1647,-81.471
1648,-81.538
1649,-81.376
1650,-81.397
1651,-81.542
1652,-81.437
1653,-81.485
1654,-81.554
1655,-81.465
1656,-81.47
1657,-81.524
1658,-81.455
1659,-81.473
1660,-81.561
1661,-81.48
1662,-81.505
1663,-81.426
1664,-81.48
1665,-81.578
1666,-81.367
1667,-81.365
1668,-81.562
1669,-81.35
1670,-81.338
1671,-81.384
1672,-81.351
1673,-81.487
1674,-81.463
1675,-81.401
1676,-81.444
1677,-81.341
1678,-81.328
1679,-81.469
1680,-81.341
1681,-81.386
1682,-81.343
1683,-81.233
1684,-81.253
1685,-81.329
1686,-81.266
1687,-81.359
1688,-81.363
1689,-81.293
1690,-81.343
1691,-81.29
1692,-81.268
1693,-81.284
1694,-81.226
1695,-81.19
1696,-81.203
1697,-81.134
1698,-81.176
1699,-81.089
1700,-80.992
1701,-80.984
1702,-80.948
1703,-80.914
1704,-80.801
1705,-80.626
1706,-80.68
1707,-80.57
1708,-80.424
1709,-80.449
1710,-80.236
1711,-80.025
1712,-79.855
1713,-79.726
1714,-79.522
1715,-79.331
1716,-78.972
1717,-78.741
1718,-78.424
1719,-78.079
1720,-77.88
1721,-77.447
1722,-77.121
1723,-76.633
1724,-76.084
1725,-75.739
1726,-75.196
1727,-74.68
1728,-74.147
1729,-73.602
1730,-73.174
1731,-72.551
1732,-71.915
1733,-71.373
1734,-70.889
1735,-70.414
1736,-69.961
1737,-69.48
1738,-69.035
1739,-68.675
1740,-68.402
1741,-68.101
1742,-67.87
1743,-67.645
1744,-67.512
1745,-67.235
1746,-67.244
1747,-67.065
1748,-67.046
1749,-67.082
1750,-67.04
1751,-67.025
1752,-66.962
1753,-66.96
1754,-67.008
1755,-66.961
1756,-66.944
1757,-66.95
1758,-66.916
1759,-66.865
1760,-66.922
1761,-66.872
1762,-66.789
1763,-66.751
1764,-66.653
1765,-66.669
1766,-66.6
1767,-66.59
1768,-66.554
1769,-66.578
1770,-66.525
1771,-66.534
1772,-66.462
1773,-66.476
1774,-66.449
1775,-66.414
1776,-66.386
1777,-66.426
1778,-66.386
1779,-66.451
1780,-66.382
1781,-66.359
1782,-66.383
1783,-66.378
1784,-66.221
1785,-66.183
1786,-66.203
1787,-66.243
1788,-66.302
1789,-66.274
1790,-66.307
1791,-66.247
1792,-66.308
1793,-66.325
1794,-66.22
1795,-66.215
1796,-66.293
1797,-66.217
1798,-66.107
1799,-66.11
1800,-66.185
1801,-66.175
1802,-66.132
1803,-66.148
1804,-66.134
1805,-66.095
1806,-66.01
1807,-66.038
1808,-66.096
1809,-66.069
1810,-66.143
1811,-66.027
1812,-65.946
1813,-65.94
1814,-65.977
1815,-66.011
1816,-65.901
1817,-65.881
1818,-65.862
1819,-65.865
1820,-65.835
1821,-65.899
1822,-65.999
1823,-65.905
1824,-65.881
1825,-65.909
1826,-65.901
1827,-65.875
1828,-65.834
1829,-65.872
1830,-65.973
1831,-65.903
1832,-65.927
1833,-65.846
1834,-65.801
1835,-65.785
1836,-65.913
1837,-65.87
1838,-65.893
1839,-65.793
1840,-65.821
1841,-65.833
1842,-65.875
1843,-65.93
1844,-65.843
1845,-65.805
1846,-65.775
1847,-65.803
1848,-65.86
1849,-65.862
1850,-65.722
1851,-65.767
1852,-65.661
1853,-65.728
1854,-65.765
1855,-65.746
1856,-65.69
1857,-65.814
1858,-65.731
1859,-65.806
1860,-65.661
1861,-65.659
1862,-65.69
1863,-65.8
1864,-65.751
1865,-65.706
1866,-65.745
1867,-65.734
1868,-65.708
1869,-65.703
1870,-65.778
1871,-65.658
1872,-65.668
1873,-65.682
1874,-65.745
1875,-65.641
1876,-65.629
1877,-65.667
1878,-65.656
1879,-65.634
1880,-65.582
1881,-65.633
1882,-65.56
1883,-65.586
1884,-65.576
1885,-65.551
1886,-65.521
1887,-65.471
1888,-65.461
1889,-65.47
1890,-65.417
1891,-65.467
1892,-65.387
1893,-65.378
1894,-65.369
1895,-65.366
1896,-65.388
1897,-65.447
1898,-65.588
1899,-65.579
1900,-65.601
1901,-65.66
1902,-65.572
1903,-65.643
1904,-65.728
1905,-65.74
1906,-65.978
1907,-66.053
1908,-66.071
1909,-66.064
1910,-66.054
1911,-66.01
1912,-66.103
1913,-66.169
1914,-66.126
1915,-66.094
1916,-66.131
1917,-66.178
1918,-66.194
1919,-66.213
1920,-66.22
1921,-66.169
1922,-66.143
1923,-66.16
1924,-66.158
1925,-66.226
1926,-66.229
1927,-66.078
1928,-66.08
1929,-66.065
1930,-66.099
1931,-66.102
1932,-65.996
1933,-65.922
1934,-65.91
1935,-66.047
1936,-65.974
1937,-65.951
1938,-65.879
1939,-65.937
1940,-65.962
1941,-65.834
1942,-65.835
1943,-65.854
1944,-65.877
1945,-65.851
1946,-65.815
1947,-65.784
1948,-65.791
1949,-65.8
1950,-65.782
1951,-65.77
1952,-65.761
1953,-65.668
1954,-65.671
1955,-65.66
1956,-65.625
1957,-65.665
1958,-65.605
1959,-65.69
1960,-65.627
1961,-65.683
1962,-65.661
1963,-65.738
1964,-65.609
1965,-65.546
1966,-65.468
1967,-65.509
1968,-65.589
1969,-65.57
1970,-65.546
1971,-65.52
1972,-65.507
1973,-65.514
1974,-65.572
1975,-65.577
1976,-65.528
1977,-65.514
1978,-65.505
1979,-65.518
1980,-65.44
1981,-65.427
1982,-65.512
1983,-65.58
1984,-65.505
1985,-65.431
1986,-65.435
1987,-65.544
1988,-65.475
1989,-65.462
1990,-65.48
1991,-65.417
1992,-65.364
1993,-65.343
1994,-65.443
1995,-65.521
1996,-65.415
1997,-65.372
1998,-65.384
1999,-65.3
2000,-65.28
2001,-65.299
2002,-65.288
2003,-65.22
2004,-65.166
2005,-65.23
2006,-65.259
2007,-65.239
2008,-65.259
2009,-65.085
2010,-65.057
2011,-65.129
2012,-65.002
2013,-64.991
2014,-64.963
2015,-64.973
2016,-64.953
2017,-64.894
2018,-64.923
2019,-64.947
2020,-64.888
2021,-64.865
2022,-64.855
2023,-64.779
2024,-64.768
2025,-64.838
2026,-64.701
2027,-64.671
2028,-64.668
2029,-64.638
2030,-64.607
2031,-64.552
2032,-64.55
2033,-64.533
2034,-64.555
2035,-64.527
2036,-64.52
2037,-64.515
2038,-64.515
2039,-64.529
2040,-64.536
2041,-64.527
2042,-64.523
2043,-64.515
2044,-64.471
2045,-64.449
2046,-64.362
2047,-64.436
2048,-64.395
2049,-64.459
2050,-64.492
2051,-64.413
2052,-64.417
2053,-64.46
2054,-64.462
2055,-64.395
2056,-64.401
2057,-64.363
2058,-64.444
2059,-64.438
2060,-64.386
2061,-64.307
2062,-64.298
2063,-64.302
2064,-64.332
2065,-64.316
2066,-64.312
2067,-64.268
2068,-64.284
2069,-64.234
2070,-64.186
2071,-64.25
2072,-64.293
2073,-64.229
2074,-64.212
2075,-64.268
2076,-64.192
2077,-64.233
2078,-64.294
2079,-64.312
2080,-64.388
2081,-64.405
2082,-64.481
2083,-64.641
2084,-64.674
2085,-64.728
2086,-64.903
2087,-64.936
2088,-65.119
2089,-65.3
2090,-65.577
2091,-65.681
2092,-66.031
2093,-66.186
2094,-66.46
2095,-66.669
2096,-66.916
2097,-67.374
2098,-67.595
2099,-67.914
2100,-68.236
2101,-68.571
2102,-68.881
2103,-69.267
2104,-69.63
2105,-69.957
2106,-70.4
2107,-70.705
2108,-71.078
2109,-71.448
2110,-71.775
2111,-72.198
2112,-72.469
2113,-72.849
2114,-73.202
2115,-73.616
2116,-73.857
2117,-74.26
2118,-74.677
2119,-75.015
2120,-75.272
2121,-75.719
2122,-75.965
2123,-76.296
2124,-76.597
2125,-76.806
2126,-77.173
2127,-77.324
2128,-77.566
2129,-77.891
2130,-78.185
2131,-78.368
2132,-78.546
2133,-78.696
2134,-79.004
2135,-79.227
2136,-79.306
2137,-79.497
2138,-79.615
2139,-79.741
2140,-80.046
2141,-80.052
2142,-80.089
2143,-80.338
2144,-80.369
2145,-80.514
2146,-80.625
2147,-80.639
2148,-80.789
2149,-80.875
2150,-80.903
2151,-80.999
2152,-81.006
2153,-81.033
2154,-81.244
2155,-81.193
2156,-81.211
2157,-81.259
2158,-81.238
2159,-81.383
2160,-81.382
2161,-81.396
2162,-81.466
2163,-81.454
2164,-81.431
2165,-81.489
2166,-81.436
2167,-81.486
2168,-81.577
2169,-81.577
2170,-81.64
2171,-81.695
2172,-81.689
2173,-81.668
2174,-81.595
2175,-81.594
2176,-81.713
2177,-81.623
2178,-81.644
2179,-81.601
2180,-81.576
2181,-81.652
2182,-81.708
2183,-81.693
2184,-81.735
2185,-81.73
2186,-81.679
2187,-81.623
2188,-81.585
2189,-81.661
2190,-81.768
2191,-81.679
2192,-81.664
2193,-81.727
2194,-81.717
2195,-81.767
2196,-81.615
2197,-81.639
2198,-81.74
2199,-81.611
2200,-81.625
2201,-81.749
2202,-81.691
2203,-81.701
2204,-81.664
2205,-81.621
2206,-81.666
2207,-81.643
2208,-81.608
2209,-81.782
2210,-81.536
2211,-81.531
2212,-81.733
2213,-81.651
2214,-81.7
2215,-81.773
2216,-81.669
2217,-81.671
2218,-81.771
2219,-81.653
2220,-81.666
2221,-81.682
2222,-81.679
2223,-81.721
2224,-81.625
2225,-81.633
2226,-81.672
2227,-81.526
2228,-81.601
2229,-81.759
2230,-81.653
2231,-81.649
2232,-81.727
2233,-81.706
2234,-81.773
2235,-81.678
2236,-81.654
2237,-81.776
2238,-81.646
2239,-81.622
2240,-81.688
2241,-81.504
2242,-81.493
2243,-81.632
2244,-81.541
2245,-81.693
2246,-81.524
2247,-81.483
2248,-81.67
2249,-81.565
2250,-81.601
2251,-81.68
2252,-81.601
2253,-81.55
2254,-81.624
2255,-81.52
2256,-81.55
2257,-81.573
2258,-81.532
2259,-81.63
2260,-81.584
2261,-81.58
2262,-81.682
2263,-81.548
2264,-81.575
2265,-81.633
2266,-81.427
2267,-81.442
2268,-81.654
2269,-81.547
2270,-81.613
2271,-81.599
2272,-81.609
2273,-81.69
2274,-81.602
2275,-81.545
2276,-81.642
2277,-81.439
2278,-81.432
2279,-81.514
2280,-81.503
2281,-81.626
2282,-81.67
2283,-81.558
2284,-81.592
2285,-81.541
2286,-81.5
2287,-81.584
2288,-81.413
2289,-81.489
2290,-81.573
2291,-81.489
2292,-81.521
2293,-81.537
2294,-81.525
2295,-81.642
2296,-81.48
2297,-81.481
2298,-81.582
2299,-81.509
2300,-81.484
2301,-81.62
2302,-81.462
2303,-81.459
2304,-81.532
2305,-81.4
2306,-81.413
2307,-81.347
2308,-81.309
2309,-81.512
2310,-81.506
2311,-81.487
2312,-81.576
2313,-81.47
2314,-81.508
2315,-81.629
2316,-81.464
2317,-81.512
2318,-81.503
2319,-81.434
2320,-81.489
2321,-81.54
2322,-81.507
2323,-81.536
2324,-81.444
2325,-81.438
2326,-81.513
2327,-81.442
2328,-81.527
2329,-81.452
2330,-81.423
2331,-81.484
2332,-81.432
2333,-81.366
2334,-81.403
2335,-81.363
2336,-81.31
2337,-81.513
2338,-81.362
2339,-81.367
2340,-81.42
2341,-81.3
2342,-81.347
2343,-81.46
2344,-81.402
2345,-81.507
2346,-81.446
2347,-81.391
2348,-81.447
2349,-81.534
2350,-81.519
2351,-81.461
2352,-81.4
2353,-81.404
2354,-81.432
2355,-81.278
2356,-81.327
2357,-81.41
2358,-81.368
2359,-81.397
2360,-81.309
2361,-81.313
2362,-81.499
2363,-81.358
2364,-81.386
2365,-81.502
2366,-81.381
2367,-81.397
2368,-81.448
2369,-81.327
2370,-81.372
2371,-81.493
2372,-81.369
2373,-81.451
2374,-81.379
2375,-81.314
2376,-81.473
2377,-81.387
2378,-81.434
2379,-81.474
2380,-81.321
2381,-81.351
2382,-81.373
2383,-81.349
2384,-81.396
2385,-81.392
2386,-81.372
2387,-81.409
2388,-81.326
2389,-81.359
2390,-81.489
2391,-81.307
2392,-81.384
2393,-81.463
2394,-81.413
2395,-81.453
2396,-81.321
2397,-81.335
2398,-81.406
2399,-81.345
2400,-81.345
2401,-81.398
2402,-81.397
2403,-81.354
2404,-81.444
2405,-81.336
2406,-81.339
2407,-81.394
2408,-81.367
2409,-81.42
2410,-81.396
2411,-81.35
2412,-81.499
2413,-81.375
2414,-81.399
2415,-81.463
2416,-81.392
2417,-81.394
2418,-81.437
2419,-81.412
2420,-81.406
2421,-81.423
2422,-81.439
2423,-81.466
2424,-81.424
2425,-81.369
2426,-81.383
2427,-81.328
2428,-81.293
2429,-81.434
2430,-81.333
2431,-81.374
2432,-81.507
2433,-81.458
2434,-81.462
2435,-81.367
2436,-81.326
2437,-81.458
2438,-81.382
2439,-81.427
2440,-81.47
2441,-81.416
2442,-81.494
2443,-81.448
2444,-81.375
2445,-81.391
2446,-81.513
2447,-81.413
2448,-81.483
2449,-81.479
2450,-81.436
2451,-81.506
2452,-81.47
2453,-81.518
2454,-81.563
2455,-81.427
2456,-81.435
2457,-81.474
2458,-81.373
2459,-81.459
2460,-81.512
2461,-81.517
2462,-81.642
2463,-81.471
2464,-81.465
2465,-81.594
2466,-81.417
2467,-81.425
2468,-81.511
2469,-81.463
2470,-81.572
2471,-81.524
2472,-81.499
2473,-81.615
2474,-81.384
2475,-81.386
2476,-81.481
2477,-81.533
2478,-81.466
2479,-81.586
2480,-81.449
2481,-81.549
2482,-81.537
2483,-81.468
2484,-81.49
2485,-81.586
2486,-81.484
2487,-81.547
2488,-81.531
2489,-81.529
2490,-81.595
2491,-81.517
2492,-81.596
2493,-81.589
2494,-81.582
2495,-81.688
2496,-81.589
2497,-81.466
2498,-81.618
2499,-81.538
2500,-81.509
2501,-81.745
2502,-81.533
2503,-81.578
2504,-81.619
2505,-81.48
2506,-81.532
2507,-81.598
2508,-81.559
2509,-81.688
2510,-81.596
2511,-81.6
2512,-81.675
2513,-81.597
2514,-81.55
2515,-81.717
2516,-81.498
2517,-81.56
2518,-81.573
2519,-81.543
2520,-81.638
2521,-81.647
2522,-81.605
2523,-81.678
2524,-81.631
2525,-81.571
2526,-81.736
2527,-81.551
2528,-81.572
2529,-81.746
2530,-81.595
2531,-81.615
2532,-81.66
2533,-81.627
2534,-81.717
2535,-81.75
2536,-81.713
2537,-81.759
2538,-81.641
2539,-81.648
2540,-81.698
2541,-81.613
2542,-81.6
2543,-81.644
2544,-81.603
2545,-81.682
2546,-81.729
2547,-81.694
2548,-81.742
2549,-81.602
2550,-81.588
2551,-81.794
2552,-81.588
2553,-81.638
2554,-81.713
2555,-81.715
2556,-81.785
2557,-81.812
2558,-81.741
2559,-81.762
2560,-81.631
2561,-81.608
2562,-81.77
2563,-81.72
2564,-81.646
2565,-81.73
2566,-81.686
2567,-81.668
2568,-81.644
2569,-81.64
2570,-81.701
2571,-81.7
2572,-81.628
2573,-81.728
2574,-81.668
2575,-81.654
2576,-81.795
2577,-81.613
2578,-81.632
2579,-81.733
2580,-81.524
2581,-81.623
2582,-81.783
2583,-81.708
2584,-81.794
2585,-81.69
2586,-81.647
2587,-81.703
2588,-81.655
2589,-81.643
2590,-81.734
2591,-81.684
2592,-81.722
2593,-81.77
2594,-81.634
2595,-81.649
2596,-81.687
2597,-81.631
2598,-81.701
2599,-81.593
2600,-81.598
2601,-81.783
2602,-81.532
2603,-81.585
2604,-81.692
2605,-81.655
2606,-81.734
2607,-81.695
2608,-81.705
2609,-81.769
2610,-81.633
2611,-81.642
2612,-81.642
2613,-81.591
2614,-81.585
2615,-81.761
2616,-81.644
2617,-81.686
2618,-81.663
2619,-81.683
2620,-81.735
2621,-81.609
2622,-81.578
2623,-81.665
2624,-81.597
2625,-81.591
2626,-81.775
2627,-81.541
2628,-81.565
2629,-81.674
2630,-81.595
2631,-81.677
2632,-81.672
2633,-81.657
2634,-81.714
2635,-81.568
2636,-81.499
2637,-81.639
2638,-81.629
2639,-81.627
2640,-81.691
2641,-81.637
2642,-81.626
2643,-81.612
2644,-81.589
2645,-81.607
2646,-81.569
2647,-81.505
2648,-81.575
2649,-81.578
2650,-81.583
2651,-81.654
2652,-81.564
2653,-81.624
2654,-81.578
2655,-81.504
2656,-81.561
2657,-81.559
2658,-81.518
2659,-81.571
2660,-81.626
2661,-81.578
2662,-81.622
2663,-81.496
2664,-81.434
2665,-81.546
2666,-81.451
2667,-81.513
2668,-81.605
2669,-81.528
2670,-81.577
2671,-81.483
2672,-81.422
2673,-81.454
2674,-81.488
2675,-81.505
2676,-81.528
2677,-81.48
2678,-81.514
2679,-81.535
2680,-81.469
2681,-81.464
2682,-81.426
2683,-81.382
2684,-81.439
2685,-81.398
2686,-81.37
2687,-81.388
2688,-81.297
2689,-81.273
2690,-81.462
2691,-81.351
2692,-81.355
2693,-81.408
2694,-81.322
2695,-81.352
2696,-81.357
2697,-81.235
2698,-81.248
2699,-81.343
2700,-81.295
2701,-81.413
2702,-81.418
2703,-81.398
2704,-81.372
2705,-81.274
2706,-81.278
2707,-81.306
2708,-81.228
2709,-81.278
2710,-81.347
2711,-81.304
2712,-81.336
2713,-81.273
2714,-81.285
2715,-81.334
2716,-81.243
2717,-81.219
2718,-81.296
2719,-81.204
2720,-81.217
2721,-81.2
2722,-81.149
2723,-81.229
2724,-81.162
2725,-81.201
2726,-81.309
2727,-81.111
2728,-81.079
2729,-81.278
2730,-81.212
2731,-81.191
2732,-81.156
2733,-81.093
2734,-81.199
2735,-81.097
2736,-81.034
2737,-81.18
2738,-81.138
2739,-81.136
2740,-81.227
2741,-81.094
2742,-81.09
2743,-81.101
2744,-81.063
2745,-81.109
2746,-81.171
2747,-81.058
2748,-81.096
2749,-81.054
2750,-81.039
2751,-81.165
2752,-81.119
2753,-81.068
2754,-81.138
2755,-81.041
2756,-81.131
2757,-81.084
2758,-81.036
2759,-81.077
2760,-80.995
2761,-80.967
2762,-81.068
2763,-81.014
2764,-81.024
2765,-81.085
2766,-80.943
2767,-80.955
2768,-81.084
2769,-80.923
2770,-80.896
2771,-80.885
2772,-80.858
2773,-80.949
2774,-80.922
2775,-80.918
2776,-81.087
2777,-80.976
2778,-80.959
2779,-81.062
2780,-80.934
2781,-80.935
2782,-81.119
2783,-80.917
2784,-80.934
2785,-80.962
2786,-80.954
2787,-80.958
2788,-80.87
2789,-80.869
2790,-80.984
2791,-80.943
2792,-80.925
2793,-81.024
2794,-80.847
2795,-80.898
2796,-80.885
2797,-80.788
2798,-80.81
2799,-80.782
2800,-80.73
2801,-80.883
2802,-80.881
2803,-80.782
2804,-80.83
2805,-80.739
2806,-80.771
2807,-80.867
2808,-80.837
2809,-80.872
2810,-80.765
2811,-80.744
2812,-80.83
2813,-80.814
2814,-80.761
2815,-80.821
2816,-80.702
2817,-80.748
2818,-80.828
2819,-80.672
2820,-80.722
2821,-80.795
2822,-80.687
2823,-80.695
2824,-80.718
2825,-80.712
2826,-80.828
2827,-80.711
2828,-80.727
2829,-80.947
2830,-80.744
2831,-80.699
2832,-80.759
2833,-80.679
2834,-80.765
2835,-80.688
2836,-80.678
2837,-80.866
2838,-80.708
2839,-80.679
2840,-80.724
2841,-80.748
2842,-80.678
2843,-80.663
2844,-80.612
2845,-80.665
2846,-80.753
2847,-80.64
2848,-80.69
2849,-80.672
2850,-80.612
2851,-80.702
2852,-80.588
2853,-80.587
2854,-80.771
2855,-80.594
2856,-80.652
2857,-80.731
2858,-80.624
2859,-80.652
2860,-80.569
2861,-80.594
2862,-80.666
2863,-80.599
2864,-80.551
2865,-80.618
2866,-80.564
2867,-80.555
2868,-80.581
2869,-80.502
2870,-80.533
2871,-80.63
2872,-80.472
2873,-80.484
2874,-80.469
2875,-80.487
2876,-80.62
2877,-80.537
2878,-80.524
2879,-80.583
2880,-80.5
2881,-80.513
2882,-80.588
2883,-80.477
2884,-80.522
2885,-80.4
2886,-80.361
2887,-80.537
2888,-80.503
2889,-80.466
2890,-80.515
2891,-80.339
2892,-80.363
2893,-80.458
2894,-80.425
2895,-80.42
2896,-80.478
2897,-80.415
2898,-80.449
2899,-80.358
2900,-80.34
2901,-80.464
2902,-80.491
2903,-80.412
2904,-80.45
2905,-80.404
2906,-80.367
2907,-80.397
2908,-80.276
2909,-80.307
2910,-80.378
2911,-80.303
2912,-80.316
2913,-80.336
2914,-80.309
2915,-80.353
2916,-80.352
2917,-80.352
2918,-80.371
2919,-80.272
2920,-80.35
2921,-80.431
2922,-80.222
2923,-80.278
2924,-80.296
2925,-80.295
2926,-80.414
2927,-80.259
2928,-80.283
2929,-80.346
2930,-80.198
2931,-80.177
2932,-80.201
2933,-80.236
2934,-80.236
2935,-80.166
2936,-80.117
2937,-80.211
2938,-80.139
2939,-80.125
2940,-80.259
2941,-80.141
2942,-80.18
2943,-80.238
2944,-80.126
2945,-80.133
2946,-80.186
2947,-80.127
2948,-80.148
2949,-80.065
2950,-80.043
2951,-80.202
2952,-80.069
2953,-80.021
2954,-80.117
2955,-79.953
2956,-80.023
2957,-80.165
2958,-79.994
2959,-79.975
2960,-80.098
2961,-80.037
2962,-80.098
2963,-79.931
2964,-79.958
2965,-80.115
2966,-80.012
2967,-80.023
2968,-80.106
2969,-79.881
2970,-79.862
2971,-79.989
2972,-79.918
2973,-79.998
2974,-79.918
2975,-79.785
2976,-79.932
2977,-79.999
2978,-79.933
2979,-80.006
2980,-79.956
2981,-79.944
2982,-79.963
2983,-79.863
2984,-79.891
2985,-79.887
2986,-79.88
2987,-79.948
2988,-79.883
2989,-79.86
2990,-80.011
2991,-79.911
2992,-79.908
2993,-79.939
2994,-79.855
2995,-79.854
2996,-79.87
2997,-79.803
2998,-79.814
2999,-79.786
3000,-79.732
3001,-79.815
3002,-79.714
3003,-79.691
3004,-79.858
3005,-79.763
3006,-79.786
3007,-79.794
3008,-79.711
3009,-79.756
3010,-79.782
3011,-79.674
3012,-79.749
3013,-79.731
3014,-79.743
3015,-79.797
3016,-79.689
3017,-79.717
3018,-79.841
3019,-79.725
3020,-79.715
3021,-79.654
3022,-79.579
3023,-79.697
3024,-79.766
3025,-79.623
3026,-79.669
3027,-79.663
3028,-79.648
3029,-79.756
3030,-79.592
3031,-79.644
3032,-79.721
3033,-79.632
3034,-79.697
3035,-79.514
3036,-79.505
3037,-79.63
3038,-79.589
3039,-79.574
3040,-79.692
3041,-79.606
3042,-79.588
3043,-79.654
3044,-79.564
3045,-79.567
3046,-79.599
3047,-79.51
3048,-79.66
3049,-79.586
3050,-79.56
3051,-79.649
3052,-79.587
3053,-79.581
3054,-79.659
3055,-79.528
3056,-79.573
3057,-79.624
3058,-79.528
3059,-79.521
3060,-79.52
3061,-79.541
3062,-79.657
3063,-79.465
3064,-79.475
3065,-79.511
3066,-79.467
3067,-79.501
3068,-79.5
3069,-79.431
3070,-79.484
3071,-79.599
3072,-79.471
3073,-79.483
3074,-79.445
3075,-79.406
3076,-79.536
3077,-79.586
3078,-79.551
3079,-79.57
3080,-79.358
3081,-79.411
3082,-79.477
3083,-79.491
3084,-79.526
3085,-79.551
3086,-79.483
3087,-79.512
3088,-79.533
3089,-79.514
3090,-79.453
3091,-79.425
3092,-79.503
3093,-79.495
3094,-79.418
3095,-79.396
3096,-79.469
3097,-79.341
3098,-79.41
3099,-79.501
3100,-79.413
3101,-79.453
3102,-79.468
3103,-79.463
3104,-79.639
3105,-79.398
3106,-79.429
3107,-79.499
3108,-79.395
3109,-79.399
3110,-79.421
3111,-79.42
3112,-79.472
3113,-79.551
3114,-79.546
3115,-79.625
3116,-79.473
3117,-79.444
3118,-79.604
3119,-79.532
3120,-79.55
3121,-79.598
3122,-79.552
3123,-79.578
3124,-79.575
3125,-79.524
3126,-79.587
3127,-79.481
3128,-79.494
3129,-79.533
3130,-79.46
3131,-79.511
3132,-79.534
3133,-79.492
3134,-79.576
3135,-79.438
3136,-79.402
3137,-79.584
3138,-79.498
3139,-79.497
3140,-79.6
3141,-79.577
3142,-79.579
3143,-79.6
3144,-79.452
3145,-79.49
3146,-79.637
3147,-79.588
3148,-79.539
3149,-79.534
3150,-79.502
3151,-79.643
3152,-79.597
3153,-79.572
3154,-79.599
3155,-79.493
3156,-79.564
3157,-79.652
3158,-79.543
3159,-79.601
3160,-79.663
3161,-79.6
3162,-79.626
3163,-79.448
3164,-79.483
3165,-79.696
3166,-79.499
3167,-79.525
3168,-79.665
3169,-79.57
3170,-79.57
3171,-79.658
3172,-79.542
3173,-79.619
3174,-79.628
3175,-79.658
3176,-79.731
3177,-79.565
3178,-79.576
3179,-79.679
3180,-79.558
3181,-79.569
3182,-79.744
3183,-79.634
3184,-79.6
3185,-79.649
3186,-79.591
3187,-79.761
3188,-79.635
3189,-79.584
3190,-79.694
3191,-79.675
3192,-79.724
3193,-79.747
3194,-79.694
3195,-79.688
3196,-79.836
3197,-79.751
3198,-79.82
3199,-79.642
3200,-79.667
3201,-79.861
3202,-79.732
3203,-79.688
3204,-79.842
3205,-79.792
3206,-79.758
3207,-79.752
3208,-79.673
3209,-79.697
3210,-79.865
3211,-79.762
3212,-79.83
3213,-79.808
3214,-79.837
3215,-79.889
3216,-79.781
3217,-79.805
3218,-79.927
3219,-79.837
3220,-79.852
3221,-79.953
3222,-79.871
3223,-79.83
3224,-79.851
3225,-79.862
3226,-79.971
3227,-79.898
3228,-79.822
3229,-79.944
3230,-79.998
3231,-79.974
3232,-80.042
3233,-79.875
3234,-79.886
3235,-79.967
3236,-79.832
3237,-79.931
3238,-79.939
3239,-79.89
3240,-80.033
3241,-80.027
3242,-80.029
3243,-80.052
3244,-79.962
3245,-80.021
3246,-79.98
3247,-79.928
3248,-79.993
3249,-80.044
3250,-80.007
3251,-80.147
3252,-79.933
3253,-79.866
3254,-79.973
3255,-80.106
3256,-80.133
3257,-80.143
3258,-80.097
3259,-80.121
3260,-80.223
3261,-80.112
3262,-80.154
3263,-80.061
3264,-80.045
3265,-80.154
3266,-80.208
3267,-80.074
3268,-80.082
3269,-80.095
3270,-80.191
3271,-80.187
3272,-80.15
3273,-80.218
3274,-80.303
3275,-80.118
3276,-80.133
3277,-80.099
3278,-80.12
3279,-80.275
3280,-80.152
3281,-80.212
3282,-80.301
3283,-80.217
3284,-80.249
3285,-80.257
3286,-80.251
3287,-80.29
3288,-80.196
3289,-80.162
3290,-80.268
3291,-80.218
3292,-80.23
3293,-80.357
3294,-80.236
3295,-80.241
3296,-80.305
3297,-80.196
3298,-80.193
3299,-80.251
3300,-80.204
3301,-80.29
3302,-80.205
3303,-80.195
3304,-80.312
3305,-80.301
3306,-80.291
3307,-80.364
3308,-80.332
3309,-80.372
3310,-80.339
3311,-80.286
3312,-80.307
3313,-80.261
3314,-80.269
3315,-80.316
3316,-80.271
3317,-80.259
3318,-80.374
3319,-80.206
3320,-80.188
3321,-80.312
3322,-80.33
3323,-80.436
3324,-80.34
3325,-80.308
3326,-80.4
3327,-80.29
3328,-80.284
3329,-80.435
3330,-80.29
3331,-80.293
3332,-80.432
3333,-80.239
3334,-80.7
3335,-80.685
3336,-80.712
3337,-80.692
3338,-80.768
3339,-80.692
3340,-80.714
3341,-80.718
3342,-80.704
3343,-80.717
3344,-80.799
3345,-80.619
3346,-80.662
3347,-80.761
3348,-80.781
3349,-80.789
3350,-80.717
3351,-80.706
3352,-80.827
3353,-80.594
3354,-80.649
3355,-80.745
3356,-80.669
3357,-80.767
3358,-80.846
3359,-80.752
3360,-80.779
3361,-80.759
3362,-80.78
3363,-80.811
3364,-80.775
3365,-80.77
3366,-80.775
3367,-80.664
3368,-80.762
3369,-80.74
3370,-80.687
3371,-80.782
3372,-80.689
3373,-80.705
3374,-80.808
3375,-80.639
3376,-80.661
3377,-80.798
3378,-80.732
3379,-80.775
3380,-80.668
3381,-80.677
3382,-80.759
3383,-80.709
3384,-80.681
3385,-80.771
3386,-80.716
3387,-80.738
3388,-80.706
3389,-80.641
3390,-80.599
3391,-80.726
3392,-80.589
3393,-80.643
3394,-80.732
3395,-80.646
3396,-80.657
3397,-80.706
3398,-80.706
3399,-80.771
3400,-80.638
3401,-80.651
3402,-80.807
3403,-80.656
3404,-80.695
3405,-80.782
3406,-80.712
3407,-80.692
3408,-80.682
3409,-80.645
3410,-80.732
3411,-80.598
3412,-80.599
3413,-80.826
3414,-80.686
3415,-80.685
3416,-80.703
3417,-80.678
3418,-80.686
3419,-80.642
3420,-80.606
3421,-80.67
3422,-80.67
3423,-80.589
3424,-80.695
3425,-80.741
3426,-80.722
3427,-80.806
3428,-80.653
3429,-80.616
3430,-80.711
3431,-80.557
3432,-80.591
3433,-80.691
3434,-80.574
3435,-80.589
3436,-80.694
3437,-80.654
3438,-80.696
3439,-80.685
3440,-80.657
3441,-80.674
3442,-80.562
3443,-80.678
3444,-80.646
3445,-80.61
3446,-80.675
3447,-80.702
3448,-80.622
3449,-80.628
3450,-80.564
3451,-80.57
3452,-80.577
3453,-80.518
3454,-80.503
3455,-80.649
3456,-80.51
3457,-80.5
3458,-80.537
3459,-80.466
3460,-80.579
3461,-80.615
3462,-80.496
3463,-80.543
3464,-80.455
3465,-80.481
3466,-80.598
3467,-80.49
3468,-80.477
3469,-80.445
3470,-80.404
3471,-80.459
3472,-80.379
3473,-80.356
3474,-80.487
3475,-80.484
3476,-80.4
3477,-80.456
3478,-80.297
3479,-80.349
3480,-80.39
3481,-80.354
3482,-80.417
3483,-80.316
3484,-80.292
3485,-80.34
3486,-80.236
3487,-80.229
3488,-80.403
3489,-80.304
3490,-80.25
3491,-80.331
3492,-80.236
3493,-80.31
3494,-80.292
3495,-80.233
3496,-80.253
3497,-80.229
3498,-80.194
3499,-80.298
3500,-80.327
3501,-80.288
3502,-80.27
3503,-80.146
3504,-80.193
3505,-80.276
3506,-80.172
3507,-80.203
3508,-80.289
3509,-80.176
3510,-80.244
3511,-80.265
3512,-80.314
3513,-80.267
3514,-80.152
3515,-80.141
3516,-80.26
3517,-80.226
3518,-80.215
3519,-80.256
3520,-80.274
3521,-80.293
3522,-80.275
3523,-80.267
3524,-80.341
3525,-80.255
3526,-80.194
3527,-80.341
3528,-80.245
3529,-80.263
3530,-80.446
3531,-80.3
3532,-80.326
3533,-80.344
3534,-80.305
3535,-80.359
3536,-80.348
3537,-80.341
3538,-80.45
3539,-80.446
3540,-80.529
3541,-80.433
3542,-80.433
3543,-80.409
3544,-80.386
3545,-80.382
3546,-80.389
3547,-80.404
3548,-80.395
3549,-80.552
3550,-80.391
3551,-80.44
3552,-80.512
3553,-80.469
3554,-80.457
3555,-80.431
3556,-80.337
3557,-80.413
3558,-80.46
3559,-80.419
3560,-80.458
3561,-80.403
3562,-80.405
3563,-80.488
3564,-80.439
3565,-80.429
3566,-80.594
3567,-80.366
3568,-80.364
3569,-80.438
3570,-80.411
3571,-80.512
3572,-80.479
3573,-80.459
3574,-80.584
3575,-80.476
3576,-80.497
3577,-80.539
3578,-80.436
3579,-80.488
3580,-80.64
3581,-80.542
3582,-80.535
3583,-80.563
3584,-80.481
3585,-80.534
3586,-80.507
3587,-80.494
3588,-80.529
3589,-80.459
3590,-80.52
3591,-80.599
3592,-80.487
3593,-80.548
3594,-80.545
3595,-80.484
3596,-80.663
3597,-80.605
3598,-80.553
3599,-80.575
3600,-80.535
3601,-80.537
3602,-80.647
3603,-80.584
3604,-80.595
3605,-80.611
3606,-80.55
3607,-80.555
3608,-80.461
3609,-80.468
3610,-80.621
3611,-80.564
3612,-80.585
3613,-80.61
3614,-80.506
3615,-80.528
3616,-80.626
3617,-80.571
3618,-80.643
3619,-80.642
3620,-80.495
3621,-80.495
3622,-80.485
3623,-80.532
3624,-80.523
3625,-80.518
3626,-80.55
3627,-80.679
3628,-80.444
3629,-80.457
3630,-80.617
3631,-80.631
3632,-80.64
3633,-80.529
3634,-80.482
3635,-80.502
3636,-80.56
3637,-80.521
3638,-80.653
3639,-80.379
3640,-80.373
3641,-80.583
3642,-80.546
3643,-80.563
3644,-80.472
3645,-80.468
3646,-80.501
3647,-80.54
3648,-80.507
3649,-80.537
3650,-80.459
3651,-80.433
3652,-80.611
3653,-80.513
3654,-80.508
3655,-80.539
3656,-80.5
3657,-80.545
3658,-80.533
3659,-80.493
3660,-80.562
3661,-80.505
3662,-80.443
3663,-80.576
3664,-80.487
3665,-80.484
3666,-80.624
3667,-80.479
3668,-80.498
3669,-80.568
3670,-80.465
3671,-80.477
3672,-80.498
3673,-80.491
3674,-80.539
3675,-80.527
3676,-80.529
3677,-80.535
3678,-80.395
3679,-80.422
3680,-80.483
3681,-80.392
3682,-80.465
3683,-80.438
3684,-80.406
3685,-80.486
3686,-80.443
3687,-80.452
3688,-80.504
3689,-80.495
3690,-80.384
3691,-80.407
3692,-80.465
3693,-80.458
3694,-80.432
3695,-80.419
3696,-80.541
3697,-80.582
3698,-80.434
3699,-80.473
3700,-80.426
3701,-80.409
3702,-80.436
3703,-80.417
3704,-80.484
3705,-80.492
3706,-80.428
3707,-80.492
3708,-80.482
3709,-80.391
3710,-80.445
3711,-80.505
3712,-80.485
3713,-80.425
3714,-80.349
3715,-80.431
3716,-80.592
3717,-80.311
3718,-80.34
3719,-80.483
3720,-80.402
3721,-80.463
3722,-80.419
3723,-80.387
3724,-80.471
3725,-80.451
3726,-80.432
3727,-80.472
3728,-80.408
3729,-80.409
3730,-80.396
3731,-80.316
3732,-80.391
3733,-80.433
3734,-80.393
3735,-80.44
3736,-80.359
3737,-80.35
3738,-80.423
3739,-80.407
3740,-80.41
3741,-80.467
3742,-80.363
3743,-80.391
3744,-80.366
3745,-80.319
3746,-80.353
3747,-80.353
3748,-80.299
3749,-80.307
3750,-80.345
3751,-80.387
3752,-80.399
3753,-80.353
3754,-80.359
3755,-80.373
3756,-80.277
3757,-80.4
3758,-80.377
3759,-80.245
3760,-80.317
3761,-80.282
3762,-80.284
3763,-80.353
3764,-80.396
3765,-80.33
3766,-80.391
3767,-80.274
3768,-80.266
3769,-80.45
3770,-80.39
3771,-80.46
3772,-80.425
3773,-80.366
3774,-80.397
3775,-80.334
3776,-80.309
3777,-80.34
3778,-80.32
3779,-80.31
3780,-80.395
3781,-80.272
3782,-80.295
3783,-80.4
3784,-80.317
3785,-80.435
3786,-80.324
3787,-80.341
3788,-80.416
3789,-80.322
3790,-80.31
3791,-80.414
3792,-80.363
3793,-80.387
3794,-80.37
3795,-80.342
3796,-80.364
3797,-80.379
3798,-80.396
3799,-80.37
3800,-80.414
3801,-80.332
3802,-80.385
3803,-80.324
3804,-80.361
3805,-80.476
3806,-80.333
3807,-80.362
3808,-80.435
3809,-80.403
3810,-80.449
3811,-80.331
3812,-80.321
3813,-80.364
3814,-80.421
3815,-80.416
3816,-80.398
3817,-80.403
3818,-80.421
3819,-80.485
3820,-80.346
3821,-80.366
3822,-80.359
3823,-80.337
3824,-80.392
3825,-80.357
3826,-80.375
3827,-80.47
3828,-80.39
3829,-80.367
3830,-80.375
3831,-80.347
3832,-80.396
3833,-80.475
3834,-80.442
3835,-80.385
3836,-80.406
3837,-80.412
3838,-80.402
3839,-80.347
3840,-80.335
3841,-80.377
3842,-80.346
3843,-80.325
3844,-80.501
3845,-80.337
3846,-80.351
3847,-80.459
3848,-80.357
3849,-80.405
3850,-80.446
3851,-80.378
3852,-80.437
3853,-80.329
3854,-80.336
3855,-80.504
3856,-80.262
3857,-80.275
3858,-80.55
3859,-80.474
3860,-80.43
3861,-80.331
3862,-80.332
3863,-80.487
3864,-80.413
3865,-80.381
3866,-80.509
3867,-80.455
3868,-80.491
3869,-80.557
3870,-80.427
3871,-80.469
3872,-80.421
3873,-80.385
3874,-80.358
3875,-80.405
3876,-80.373
3877,-80.47
3878,-80.302
3879,-80.371
3880,-80.467
3881,-80.454
3882,-80.45
3883,-80.352
3884,-80.29
3885,-80.396
3886,-80.439
3887,-80.375
3888,-80.476
3889,-80.504
3890,-80.421
3891,-80.373
3892,-80.337
3893,-80.416
3894,-80.463
3895,-80.449
3896,-80.441
3897,-80.433
3898,-80.372
3899,-80.479
3900,-80.357
3901,-80.359
3902,-80.506
3903,-80.353
3904,-80.367
3905,-80.401
3906,-80.375
3907,-80.403
3908,-80.42
3909,-80.364
3910,-80.365
3911,-80.489
3912,-80.491
3913,-80.45
3914,-80.42
3915,-80.396
3916,-80.459
3917,-80.313
3918,-80.309
3919,-80.515
3920,-80.342
3921,-80.443
3922,-80.405
3923,-80.311
3924,-80.45
3925,-80.469
3926,-80.39
3927,-80.523
3928,-80.432
3929,-80.425
3930,-80.477
3931,-80.422
3932,-80.412
3933,-80.429
3934,-80.383
3935,-80.414
3936,-80.276
3937,-80.284
3938,-80.442
3939,-80.402
3940,-80.405
3941,-80.501
3942,-80.35
3943,-80.332
3944,-80.448
3945,-80.317
3946,-80.34
3947,-80.422
3948,-80.398
3949,-80.418
3950,-80.344
3951,-80.359
3952,-80.395
3953,-80.348
3954,-80.402
3955,-80.446
3956,-80.467
3957,-80.467
3958,-80.442
3959,-80.309
3960,-80.355
3961,-80.377
3962,-80.287
3963,-80.497
3964,-80.376
3965,-80.357
3966,-80.443
3967,-80.247
3968,-80.269
3969,-80.443
3970,-80.402
3971,-80.376
3972,-80.342
3973,-80.294
3974,-80.394
3975,-80.38
3976,-80.358
3977,-80.425
3978,-80.294
3979,-80.265
3980,-80.364
3981,-80.265
3982,-80.342
3983,-80.36
3984,-80.293
3985,-80.331
3986,-80.399
3987,-80.371
3988,-80.364
3989,-80.347
3990,-80.32
3991,-80.38
3992,-80.372
3993,-80.342
3994,-80.378
3995,-80.318
3996,-80.347
3997,-80.378
3998,-80.307
3999,-80.451
4000,-80.273
4001,-80.259
4002,-80.435
4003,-80.229
4004,-80.223
4005,-80.417
4006,-80.257
4007,-80.297
4008,-80.31
4009,-80.286
4010,-80.302
4011,-80.417
4012,-80.281
4013,-80.313
4014,-80.344
4015,-80.305
4016,-80.343
4017,-80.26
4018,-80.251
4019,-80.345
4020,-80.268
4021,-80.339
4022,-80.389
4023,-80.244
4024,-80.27
4025,-80.332
4026,-80.293
4027,-80.431
4028,-80.334
4029,-80.34
4030,-80.421
4031,-80.284
4032,-80.32
4033,-80.331
4034,-80.241
4035,-80.276
4036,-80.243
4037,-80.223
4038,-80.335
4039,-80.198
4040,-80.166
4041,-80.397
4042,-80.355
4043,-80.338
4044,-80.331
4045,-80.309
4046,-80.37
4047,-80.275
4048,-80.235
4049,-80.258
4050,-80.271
4051,-80.282
4052,-80.323
4053,-80.277
4054,-80.303
4055,-80.323
4056,-80.245
4057,-80.269
4058,-80.422
4059,-80.283
4060,-80.391
4061,-80.246
4062,-80.247
4063,-80.292
4064,-80.174
4065,-80.171
4066,-80.226
4067,-80.193
4068,-80.185
4069,-80.328
4070,-80.223
4071,-80.195
4072,-80.205
4073,-80.202
4074,-80.33
4075,-80.157
4076,-80.167
4077,-80.328
4078,-80.232
4079,-80.224
4080,-80.236
4081,-80.277
4082,-80.267
4083,-80.235
4084,-80.143
4085,-80.262
4086,-80.364
4087,-80.336
4088,-80.329
4089,-80.203
4090,-80.183
4091,-80.273
4092,-80.19
4093,-80.167
4094,-80.258
4095,-80.157
4096,-80.158
4097,-80.304
4098,-80.209
4099,-80.233
4100,-80.289
4101,-80.31
4102,-80.309
4103,-80.256
4104,-80.308
4105,-80.316
4106,-80.253
4107,-80.244
4108,-80.412
4109,-80.327
4110,-80.381
4111,-80.338
4112,-80.255
4113,-80.289
4114,-80.208
4115,-80.187
4116,-80.298
4117,-80.221
4118,-80.204
4119,-80.306
4120,-80.266
4121,-80.289
4122,-80.322
4123,-80.269
4124,-80.276
4125,-80.335
4126,-80.352
4127,-80.394
4128,-80.16
4129,-80.183
4130,-80.347
4131,-80.24
4132,-80.259
4133,-80.404
4134,-80.233
4135,-80.186
4136,-80.188
4137,-80.146
4138,-80.323
4139,-80.285
4140,-80.287
4141,-80.279
4142,-80.265
4143,-80.293
4144,-80.367
4145,-80.301
4146,-80.304
4147,-80.298
4148,-80.19
4149,-80.269
4150,-80.349
4151,-80.325
4152,-80.341
4153,-80.325
4154,-80.357
4155,-80.497
4156,-80.253
4157,-80.209
4158,-80.327
4159,-80.29
4160,-80.295
4161,-80.276
4162,-80.215
4163,-80.291
4164,-80.367
4165,-80.346
4166,-80.384
4167,-80.228
4168,-80.226
4169,-80.299
4170,-80.184
4171,-80.231
4172,-80.255
4173,-80.221
4174,-80.315
4175,-80.313
4176,-80.158
4177,-80.252
4178,-80.291
4179,-80.294
4180,-80.342
4181,-80.131
4182,-80.11
4183,-80.3
4184,-80.305
4185,-80.341
4186,-80.343
4187,-80.224
4188,-80.222
4189,-80.274
4190,-80.242
4191,-80.341
4192,-80.123
4193,-80.116
4194,-80.34
4195,-80.265
4196,-80.287
4197,-80.392
4198,-80.225
4199,-80.33
4200,-80.276
4201,-80.238
4202,-80.317
4203,-80.319
4204,-80.338
4205,-80.333
4206,-80.237
4207,-80.299
4208,-80.376
4209,-80.267
4210,-80.3
4211,-80.305
4212,-80.267
4213,-80.288
4214,-80.257
4215,-80.2
4216,-80.243
4217,-80.246
4218,-80.224
4219,-80.269
4220,-80.197
4221,-80.256
4222,-80.255
4223,-80.23
4224,-80.285
4225,-80.195
4226,-80.122
4227,-80.258
4228,-80.318
4229,-80.286
4230,-80.296
4231,-80.23
4232,-80.285
4233,-80.24
4234,-80.142
4235,-80.167
4236,-80.227
4237,-80.078
4238,-80.135
4239,-80.072
4240,-80.051
4241,-80.251
4242,-80.12
4243,-80.167
4244,-80.262
4245,-80.118
4246,-80.109
4247,-80.186
4248,-80.083
4249,-80.097
4250,-80.198
4251,-80.048
4252,-80.085
4253,-80.218
4254,-80.243
4255,-80.135
4256,-80.122
4257,-80.145
4258,-80.129
4259,-80.05
4260,-80.119
4261,-80.123
4262,-80.066
4263,-80.162
4264,-80.163
4265,-80.169
4266,-80.19
4267,-80.121
4268,-80.167
4269,-80.175
4270,-80.03
4271,-80.015
4272,-80.085
4273,-80.027
4274,-80.041
4275,-80.06
4276,-80.061
4277,-80.098
4278,-80.077
4279,-80.036
4280,-80.113
4281,-80.031
4282,-80.079
4283,-80.102
4284,-80.107
4285,-80.117
4286,-80.092
4287,-80.017
4288,-80.17
4289,-80.099
4290,-80.022
4291,-80.049
4292,-80.045
4293,-80.039
4294,-80.093
4295,-79.953
4296,-79.969
4297,-80.008
4298,-79.92
4299,-79.946
4300,-80.071
4301,-79.931
4302,-79.949
4303,-79.827
4304,-79.817
4305,-79.969
4306,-79.912
4307,-79.867
4308,-80.014
4309,-79.893
4310,-79.855
4311,-79.861
4312,-79.725
4313,-79.74
4314,-79.81
4315,-79.861
4316,-79.9
4317,-79.787
4318,-79.823
4319,-79.893
4320,-79.695
4321,-79.749
4322,-79.938
4323,-79.784
4324,-79.766
4325,-79.792
4326,-79.72
4327,-79.824
4328,-79.703
4329,-79.656
4330,-79.707
4331,-79.785
4332,-79.764
4333,-79.772
4334,-79.67
4335,-79.667
4336,-79.656
4337,-79.618
4338,-79.837
4339,-79.724
4340,-79.636
4341,-79.676
4342,-79.677
4343,-79.692
4344,-79.79
4345,-79.626
4346,-79.63
4347,-79.751
4348,-79.695
4349,-79.72
4350,-79.44
4351,-79.347
4352,-79.404
4353,-79.624
4354,-79.601
4355,-79.696
4356,-79.568
4357,-79.55
4358,-79.576
4359,-79.513
4360,-79.564
4361,-79.608
4362,-79.519
4363,-79.546
4364,-79.469
4365,-79.456
4366,-79.555
4367,-79.546
4368,-79.513
4369,-79.542
4370,-79.448
4371,-79.446
4372,-79.515
4373,-79.431
4374,-79.404
4375,-79.524
4376,-79.417
4377,-79.508
4378,-79.533
4379,-79.443
4380,-79.542
4381,-79.34
4382,-79.331
4383,-79.414
4384,-79.384
4385,-79.396
4386,-79.524
4387,-79.481
4388,-79.425
4389,-79.371
4390,-79.355
4391,-79.396
4392,-79.349
4393,-79.303
4394,-79.464
4395,-79.369
4396,-79.301
4397,-79.25
4398,-79.164
4399,-79.186
4400,-79.308
4401,-79.294
4402,-79.371
4403,-79.291
4404,-79.289
4405,-79.314
4406,-79.194
4407,-79.215
4408,-79.321
4409,-79.329
4410,-79.243
4411,-79.314
4412,-79.279
4413,-79.278
4414,-79.358
4415,-79.198
4416,-79.244
4417,-79.235
4418,-79.207
4419,-79.305
4420,-79.157
4421,-79.16
4422,-79.325
4423,-79.243
4424,-79.251
4425,-79.244
4426,-79.153
4427,-79.211
4428,-79.324
4429,-79.268
4430,-79.318
4431,-79.194
4432,-79.145
4433,-79.245
4434,-79.154
4435,-79.121
4436,-79.156
4437,-79.065
4438,-79.144
4439,-79.064
4440,-78.994
4441,-79.28
4442,-79.157
4443,-79.097
4444,-79.133
4445,-79.101
4446,-79.18
4447,-79.275
4448,-79.121
4449,-79.09
4450,-79.106
4451,-79.062
4452,-79.091
4453,-79.063
4454,-79.068
4455,-79.122
4456,-79.062
4457,-79.037
4458,-79.102
4459,-79.062
4460,-79.059
4461,-79.189
4462,-78.992
4463,-78.985
4464,-79.145
4465,-79.103
4466,-79.088
4467,-79.046
4468,-78.987
4469,-79.084
4470,-79.025
4471,-75.261
4472,-63.457
4473,-57.801
4474,-57.555
4475,-59.578
4476,-68.821
4477,-78.467
4478,-79.153
4479,-79.064
4480,-79.101
4481,-79.042
4482,-79.084
4483,-79.105
4484,-79.049
4485,-79.074
4486,-79.136
4487,-79.052
4488,-79.02
4489,-79.036
4490,-78.993
4491,-79.118
4492,-79.063
4493,-79.026
4494,-79.134
4495,-79.004
4496,-79.02
4497,-79.069
4498,-78.962
4499,-79.024
4500,-79.128
4501,-79.029
4502,-79.054
4503,-79.11
4504,-79.07
4505,-79.115
4506,-78.984
4507,-78.981
4508,-79.097
4509,-78.956
4510,-78.949
4511,-79.087
4512,-78.996
4513,-79.008
4514,-78.947
4515,-78.951
4516,-79.133
4517,-79.018
4518,-79.013
4519,-79.084
4520,-79.037
4521,-79.034
4522,-79.123
4523,-79.013
4524,-79.013
4525,-79.072
4526,-79.011
4527,-79.107
4528,-79.067
4529,-79.021
4530,-79.07
4531,-79.033
4532,-79.024
4533,-79.074
4534,-78.961
4535,-78.976
4536,-79.106
4537,-79.028
4538,-79.05
4539,-78.996
4540,-78.985
4541,-79.099
4542,-79.006
4543,-78.909
4544,-78.974
4545,-79.114
4546,-79.09
4547,-79.018
4548,-79.005
4549,-79.148
4550,-79.069
4551,-79.027
4552,-79.19
4553,-79.114
4554,-79.072
4555,-79.071
4556,-79.037
4557,-79.029
4558,-79.16
4559,-79.057
4560,-79.11
4561,-79.189
4562,-79.079
4563,-79.062
4564,-79.06
4565,-79.062
4566,-79.199
4567,-79.166
4568,-79.096
4569,-79.112
4570,-79.108
4571,-79.135
4572,-79.176
4573,-79.103
4574,-79.089
4575,-79.173
4576,-79.072
4577,-79.138
4578,-79.163
4579,-79.082
4580,-79.118
4581,-79.053
4582,-79.017
4583,-79.13
4584,-79.055
4585,-79.048
4586,-79.184
4587,-79.058
4588,-79.074
4589,-79.21
4590,-79.105
4591,-79.104
4592,-79.033
4593,-78.974
4594,-79.168
4595,-79.035
4596,-79.023
4597,-79.14
4598,-79.098
4599,-79.07
4600,-79.094
4601,-79.02
4602,-79.161
4603,-79.082
4604,-79.009
4605,-79.117
4606,-79.092
4607,-79.08
4608,-79.207
4609,-79.103
4610,-79.114
4611,-79.181
4612,-79.036
4613,-79.155
4614,-79.145
4615,-79.116
4616,-79.194
4617,-79.273
4618,-79.181
4619,-79.206
4620,-79.199
4621,-79.248
4622,-79.207
4623,-79.041
4624,-79.114
4625,-79.175
4626,-79.193
4627,-79.202
4628,-79.139
4629,-79.102
4630,-79.206
4631,-79.178
4632,-79.118
4633,-79.32
4634,-79.204
4635,-79.21
4636,-79.269
4637,-79.156
4638,-79.13
4639,-79.226
4640,-79.179
4641,-79.26
4642,-79.26
4643,-79.207
4644,-79.281
4645,-79.155
4646,-79.196
4647,-79.294
4648,-79.308
4649,-79.293
4650,-79.315
4651,-79.177
4652,-79.166
4653,-79.281
4654,-79.161
4655,-79.235
4656,-79.256
4657,-79.263
4658,-79.325
4659,-79.156
4660,-79.151
4661,-79.217
4662,-79.238
4663,-79.35
4664,-79.322
4665,-79.314
4666,-79.362
4667,-79.304
4668,-79.291
4669,-79.381
4670,-79.245
4671,-79.24
4672,-79.351
4673,-79.299
4674,-79.336
4675,-79.261
4676,-79.208
4677,-79.281
4678,-79.298
4679,-79.309
4680,-79.344
4681,-79.266
4682,-79.234
4683,-79.322
4684,-79.296
4685,-79.263
4686,-79.278
4687,-79.255
4688,-79.262
4689,-79.345
4690,-79.304
4691,-79.38
4692,-79.301
4693,-79.293
4694,-79.429
4695,-79.316
4696,-79.292
4697,-79.472
4698,-79.408
4699,-79.406
4700,-79.325
4701,-79.273
4702,-79.306
4703,-79.389
4704,-79.31
4705,-79.332
4706,-79.313
4707,-79.297
4708,-79.481
4709,-79.413
4710,-79.406
4711,-79.413
4712,-79.39
4713,-79.427
4714,-79.393
4715,-79.4
4716,-79.455
4717,-79.351
4718,-79.334
4719,-79.46
4720,-79.422
4721,-79.399
4722,-79.521
4723,-79.411
4724,-79.351
4725,-79.348
4726,-79.351
4727,-79.396
4728,-79.429
4729,-79.361
4730,-79.43
4731,-79.534
4732,-79.545
4733,-79.526
4734,-79.39
4735,-79.381
4736,-79.447
4737,-79.395
4738,-79.457
4739,-79.485
4740,-79.404
4741,-79.513
4742,-79.402
4743,-79.375
4744,-79.46
4745,-79.407
4746,-79.37
4747,-79.523
4748,-79.375
4749,-79.407
4750,-79.521
4751,-79.401
4752,-79.413
4753,-79.501
4754,-79.428
4755,-79.429
4756,-79.366
4757,-79.309
4758,-79.435
4759,-79.427
4760,-79.51
4761,-79.555
4762,-79.505
4763,-79.523
4764,-79.441
4765,-79.354
4766,-79.401
4767,-79.464
4768,-79.423
4769,-79.447
4770,-79.519
4771,-79.457
4772,-79.419
4773,-79.496
4774,-79.524
4775,-79.455
4776,-79.444
4777,-79.461
4778,-79.38
4779,-79.375
4780,-79.562
4781,-79.484
4782,-79.476
4783,-79.58
4784,-79.464
4785,-79.455
4786,-79.5
4787,-79.398
4788,-79.433
4789,-79.495
4790,-79.42
4791,-79.499
4792,-79.476
4793,-79.453
4794,-79.496
4795,-79.389
4796,-79.375
4797,-79.61
4798,-79.45
4799,-79.446
4800,-79.489
4801,-79.424
4802,-79.427
4803,-79.401
4804,-79.346
4805,-79.421
4806,-79.403
4807,-79.405
4808,-79.505
4809,-79.5
4810,-79.467
4811,-79.443
4812,-79.337
4813,-79.353
4814,-79.492
4815,-79.382
4816,-79.447
4817,-79.484
4818,-79.399
4819,-79.45
4820,-79.424
4821,-79.363
4822,-79.429
4823,-79.401
4824,-79.442
4825,-79.447
4826,-79.438
4827,-79.451
4828,-79.473
4829,-79.372
4830,-79.356
4831,-79.471
4832,-79.445
4833,-79.528
4834,-79.465
4835,-79.484
4836,-79.559
4837,-79.287
4838,-79.301
4839,-79.408
4840,-79.335
4841,-79.374
4842,-79.453
4843,-79.394
4844,-79.44
4845,-79.367
4846,-79.397
4847,-79.337
4848,-79.282
4849,-79.352
4850,-79.403
4851,-79.312
4852,-79.291
4853,-79.417
4854,-79.37
4855,-79.371
4856,-79.321
4857,-79.345
4858,-79.436
4859,-79.266
4860,-79.227
4861,-79.287
4862,-79.189
4863,-79.255
4864,-79.333
4865,-79.246
4866,-79.323
4867,-79.293
4868,-79.211
4869,-79.255
4870,-79.241
4871,-79.183
4872,-79.272
4873,-79.222
4874,-79.308
4875,-79.289
4876,-79.176
4877,-79.143
4878,-79.276
4879,-79.215
4880,-79.228
4881,-79.265
4882,-79.069
4883,-79.058
4884,-79.1
4885,-79.099
4886,-79.176
4887,-79.049
4888,-79.049
4889,-79.165
4890,-79.098
4891,-79.101
4892,-79.103
4893,-79.028
4894,-79.083
4895,-79.006
4896,-79.026
4897,-79.214
4898,-79.057
4899,-79.021
4900,-79.126
4901,-78.998
4902,-79.003
4903,-79.038
4904,-78.927
4905,-79.004
4906,-79.044
4907,-79.01
4908,-79.011
4909,-78.88
4910,-78.901
4911,-78.942
4912,-78.887
4913,-78.906
4914,-79.03
4915,-78.911
4916,-78.954
4917,-78.937
4918,-78.868
4919,-78.962
4920,-79.015
4921,-78.959
4922,-78.986
4923,-78.843
4924,-78.846
4925,-78.95
4926,-78.871
4927,-78.889
4928,-78.929
4929,-78.889
4930,-78.936
4931,-78.82
4932,-78.81
4933,-78.861
4934,-78.709
4935,-78.699
4936,-78.901
4937,-78.77
4938,-78.796
4939,-78.794
4940,-78.714
4941,-78.78
4942,-78.738
4943,-78.718
4944,-78.793
4945,-78.801
4946,-78.746
4947,-78.755
4948,-78.732
4949,-78.7
4950,-78.754
4951,-78.698
4952,-78.68
4953,-78.738
4954,-78.562
4955,-78.603
4956,-78.613
4957,-78.561
4958,-78.685
4959,-78.633
4960,-78.576
4961,-78.636
4962,-78.67
4963,-78.632
4964,-78.58
4965,-78.571
4966,-78.68
4967,-78.698
4968,-78.576
4969,-78.614
4970,-78.659
4971,-78.553
4972,-78.569
4973,-78.427
4974,-78.429
4975,-78.559
4976,-78.501
4977,-78.555
4978,-78.633
4979,-78.458
4980,-78.475
4981,-78.477
4982,-78.481
4983,-78.586
4984,-78.475
4985,-78.493
4986,-78.502
4987,-78.399
4988,-78.389
4989,-78.436
4990,-78.322
4991,-78.395
4992,-78.449
4993,-78.373
4994,-78.383
4995,-78.351
4996,-78.312
4997,-78.362
4998,-78.442
4999,-78.331
5000,-78.39
